Rank,Pos,ID,Name,Team,Opp,Comp,Yards,TD,Int,Att,Yards,TD,Rec,Yards,TD,Fantasy Points
1,QB,13116,"Mahomes, Patrick",KCC,JAC,21.69,284,2.36,0.55,3.65,16,0.14,0,0,0,25
2,QB,13113,"Watson, Deshaun",HOU,NOS,21.31,253,1.75,0.68,5.94,36,0.28,0,0,0,24
3,RB,13604,"Barkley, Saquon",NYG,DAL,0,0,0,0,17.92,88,0.67,5.73,42,0.22,24
4,QB,10703,"Wilson, Russell",SEA,CIN,18.11,217,2.02,0.47,4.83,28,0.13,0,0,0,22
5,QB,7836,"Rodgers, Aaron",GBP,CHI,22.92,261,1.66,0.41,3.53,21,0.1,0,0,0,22
6,RB,12625,"Elliott, Ezekiel",DAL,NYG,0,0,0,0,21.07,93,0.57,4.2,33,0.15,21
7,QB,12140,"Winston, Jameis",TBB,SFO,21.78,270,1.63,1.08,4.02,21,0.08,0,0,0,20
8,QB,13590,"Mayfield, Baker",CLE,TEN,21.44,256,1.74,1.26,3.92,17,0.06,0,0,0,20
9,QB,13589,"Allen, Josh",BUF,NYJ,17.99,212,1.06,0.72,6.32,38,0.61,0,0,0,20
10,RB,13132,"Kamara, Alvin",NOS,HOU,0,0,0,0,11.31,51,0.63,4.98,47,0.22,20
11,QB,12620,"Prescott, Dak",DAL,NYG,21.24,236,1.41,0.52,4.17,19,0.47,0,0,0,20
12,RB,13130,"McCaffrey, Christian",CAR,LAR,0,0,0,0,11.3,52,0.34,6.33,52,0.39,20
13,WR,11232,"Hopkins, DeAndre",HOU,NOS,0,0,0,0,0.03,0,0,6.66,91,0.67,20
14,QB,12610,"Wentz, Carson",PHI,WAS,20.91,235,1.92,0.68,3.32,11,0.04,0,0,0,20
15,QB,4925,"Brees, Drew",NOS,HOU,22.08,264,1.81,0.61,2.21,1,0.15,0,0,0,20
16,QB,10273,"Newton, Cam",CAR,LAR,19.08,210,1.35,1.4,7.73,40,0.29,0,0,0,20
17,QB,10700,"Cousins, Kirk",MIN,ATL,24.45,255,1.82,0.67,2.8,7,0.12,0,0,0,20
18,QB,11760,"Garoppolo, Jimmy",SFO,TBB,22.06,280,1.38,1.42,2.88,6,0.12,0,0,0,19
19,RB,11192,"Bell, Le'Veon",NYJ,BUF,0,0,0,0,15.67,74,0.52,3.69,32,0.09,19
20,QB,7401,"Roethlisberger, Ben",PIT,NEP,22.33,258,1.8,0.81,1.74,5,0.07,0,0,0,19
21,QB,10695,"Luck, Andrew",IND,LAC,23.02,252,1.87,0.8,3.54,13,0.05,0,0,0,19
22,QB,7394,"Rivers, Philip",LAC,IND,21.3,264,1.78,0.94,1.23,1,0,0,0,0,19
23,QB,12611,"Goff, Jared",LAR,CAR,20.39,253,1.56,0.66,2.51,6,0.11,0,0,0,19
24,RB,13129,"Fournette, Leonard",JAC,KCC,0,0,0,0,19.24,70,0.64,3.46,29,0.13,18
25,QB,10313,"Dalton, Andy",CIN,SEA,20.65,227,1.75,0.97,2.72,11,0,0,0,0,18
26,QB,9099,"Ryan, Matt",ATL,MIN,19.22,227,1.59,0.56,2.27,8,0.14,0,0,0,18
27,WR,11675,"Adams, Davante",GBP,CHI,0,0,0,0,0.01,0,0,6.35,78,0.68,18
28,QB,13593,"Jackson, Lamar",BAL,MIA,17.09,188,1.03,0.5,9.89,46,0.27,0,0,0,18
29,WR,11679,"Beckham, Odell",CLE,TEN,0,0,0,0,0.37,2,0.04,5.6,76,0.63,18
30,WR,12186,"Diggs, Stefon",MIN,ATL,0,0,0,0,0.48,3,0,6.74,70,0.6,18
31,WR,12652,"Thomas, Michael",NOS,HOU,0,0,0,0,0,0,0,7.1,81,0.43,18
32,WR,13156,"Smith-Schuster, JuJu",PIT,NEP,0,0,0,0,0.05,0,0,5.63,78,0.64,18
33,QB,13115,"Trubisky, Mitchell",CHI,GBP,22.23,238,1.24,0.74,4.12,22,0.18,0,0,0,18
34,WR,11938,"Thielen, Adam",MIN,ATL,0,0,0,0,0.38,2,0,6.19,76,0.45,17
35,RB,13234,"Mack, Marlon",IND,LAC,0,0,0,0,17.9,81,0.66,2.17,14,0.1,17
36,WR,11671,"Evans, Mike",TBB,SFO,0,0,0,0,0,0,0,5.37,88,0.46,17
37,QB,14056,"Murray, Kyler",ARI,DET,18.52,198,1,1,6.66,30,0.37,0,0,0,17
38,WR,9988,"Brown, Antonio",OAK,DEN,0,0,0,0,0.04,0,0,5.78,72,0.59,17
39,RB,12150,"Gurley, Todd",LAR,CAR,0,0,0,0,12.28,63,0.73,2.64,25,0.12,17
40,QB,5848,"Brady, Tom",NEP,PIT,22,253,1.54,0.67,1.65,1,0.05,0,0,0,17
41,WR,10271,"Jones, Julio",ATL,MIN,0,0,0,0,0.09,0,0,5.54,80,0.48,17
42,WR,12801,"Hill, Tyreek",KCC,JAC,0,0,0,0,1.24,7,0.09,4.67,74,0.44,17
43,RB,11886,"Williams, Damien",KCC,JAC,0,0,0,0,10.87,52,0.64,3,16,0.25,16
44,QB,9431,"Stafford, Matthew",DET,ARI,22.57,249,1.44,0.63,1.67,5,0,0,0,0,16
45,RB,13612,"Johnson, Kerryon",DET,ARI,0,0,0,0,13.3,66,0.54,3.3,25,0.14,16
46,QB,12141,"Mariota, Marcus",TEN,CLE,19.72,220,1.04,0.77,4.4,25,0.18,0,0,0,16
47,RB,11660,"Freeman, Devonta",ATL,MIN,0,0,0,0,13.81,66,0.42,2.67,21,0.16,16
48,RB,13128,"Cook, Dalvin",MIN,ATL,0,0,0,0,13.55,63,0.41,3.62,29,0.18,16
49,RB,13146,"Conner, James",PIT,NEP,0,0,0,0,13.7,64,0.57,3.46,30,0.1,16
50,WR,13277,"Golladay, Kenny",DET,ARI,0,0,0,0,0.07,0,0,4.8,70,0.5,15
51,WR,12650,"Boyd, Tyler",CIN,SEA,0,0,0,0,0.14,0,0,4.99,69,0.51,15
52,WR,11674,"Cooks, Brandin",LAR,CAR,0,0,0,0,0.56,3,0.02,4.86,74,0.33,15
53,WR,10729,"Hilton, T.Y.",IND,LAC,0,0,0,0,0,0,0,4.63,78,0.33,15
54,RB,11747,"White, James",NEP,PIT,0,0,0,0,5.04,22,0.3,4.68,39,0.27,15
55,QB,9064,"Flacco, Joe",DEN,OAK,23.13,235,1.18,0.86,2.2,7,0.08,0,0,0,15
56,QB,13591,"Rosen, Josh",MIA,BAL,19.91,209,1.13,1.06,2.66,13,0.02,0,0,0,15
57,RB,14073,"Jacobs, Josh",OAK,DEN,0,0,0,0,13.97,65,0.47,3.13,26,0,15
58,RB,13131,"Mixon, Joe",CIN,SEA,0,0,0,0,15.71,71,0.49,2.8,22,0.03,15
59,RB,12171,"Johnson, David",ARI,DET,0,0,0,0,15.89,58,0.35,3.33,29,0.14,15
60,WR,12175,"Cooper, Amari",DAL,NYG,0,0,0,0,0.16,1,0,5.06,69,0.54,15
61,WR,13163,"Godwin, Chris",TBB,SFO,0,0,0,0,0.19,1,0.04,5.18,70,0.42,15
62,RB,13610,"Chubb, Nick",CLE,TEN,0,0,0,0,14.19,68,0.54,2.31,19,0.12,15
63,QB,7391,"Manning, Eli",NYG,DAL,22.17,238,1.25,0.8,0.92,2,0.08,0,0,0,15
64,RB,10276,"Ingram, Mark",BAL,MIA,0,0,0,0,14.59,73,0.71,2.28,15,0.06,15
65,WR,10738,"Jones, Marvin",DET,ARI,0,0,0,0,0.08,0,0,4.54,68,0.42,15
66,WR,13630,"Sutton, Courtland",DEN,OAK,0,0,0,0,0.07,0,0.02,4.73,67,0.46,15
67,QB,10948,"Keenum, Case",WAS,PHI,21.43,223,1.06,0.9,2.62,11,0.11,0,0,0,15
68,WR,11678,"Robinson, Allen",CHI,GBP,0,0,0,0,0.15,1,0,5.06,70,0.28,14
69,WR,11222,"Allen, Keenan",LAC,IND,0,0,0,0,0.32,2,0,5,67,0.32,14
70,WR,13153,"Davis, Corey",TEN,CLE,0,0,0,0,0.47,3,0,4.84,62,0.32,14
71,RB,13607,"Michel, Sony",NEP,PIT,0,0,0,0,14.64,67,0.73,1.36,11,0.09,14
72,WR,9662,"Edelman, Julian",NEP,PIT,0,0,0,0,0.58,4,0,5,65,0.34,14
73,RB,14071,"Montgomery, David",CHI,GBP,0,0,0,0,11.55,50,0.53,2.7,24,0.18,14
74,WR,11228,"Woods, Robert",LAR,CAR,0,0,0,0,1.18,7,0.03,5.29,70,0.2,14
75,QB,13592,"Darnold, Sam",NYJ,BUF,16.5,185,1.01,1.15,3.38,13,0.09,0,0,0,14
76,WR,12187,"Lockett, Tyler",SEA,CIN,0,0,0,0,0.6,3,0,3.57,64,0.57,14
77,RB,13290,"Cohen, Tarik",CHI,GBP,0,0,0,0,7.06,30,0.2,4.72,40,0.23,14
78,QB,11644,"Carr, Derek",OAK,DEN,20.66,221,1.17,0.67,1.78,4,0.03,0,0,0,14
79,RB,13614,"Lindsay, Phillip",DEN,OAK,0,0,0,0,12.36,60,0.45,2.69,19,0.05,14
80,WR,12647,"Fuller, Will",HOU,NOS,0,0,0,0,0.1,0,0,4.27,57,0.45,13
81,WR,13164,"Kupp, Cooper",LAR,CAR,0,0,0,0,0.38,1,0,4.79,62,0.39,13
82,WR,11783,"Brown, John",BUF,NYJ,0,0,0,0,0.12,0,0,4.11,64,0.55,13
83,WR,10722,"Jeffery, Alshon",PHI,WAS,0,0,0,0,0.02,0,0,4.19,58,0.43,13
84,WR,12930,"Anderson, Robby",NYJ,BUF,0,0,0,0,0.14,0,0,4.24,60,0.48,13
85,WR,12658,"Shepard, Sterling",NYG,DAL,0,0,0,0,0.25,1,0,4.31,64,0.35,13
86,RB,13621,"Ballage, Kalen",MIA,BAL,0,0,0,0,11.26,57,0.3,2.43,21,0.16,13
87,WR,13154,"Williams, Mike",LAC,IND,0,0,0,0,0.29,1,0.01,3.86,58,0.54,13
88,RB,12151,"Gordon, Melvin",LAC,IND,0,0,0,0,11.78,51,0.55,2.43,22,0.15,13
89,TE,11244,"Kelce, Travis",KCC,JAC,0,0,0,0,0.02,0,0,4.44,57,0.43,13
90,TE,11247,"Ertz, Zach",PHI,WAS,0,0,0,0,0,0,0,5.27,54,0.42,13
91,RB,13364,"Carson, Chris",SEA,CIN,0,0,0,0,14.45,63,0.47,1.81,13,0.05,13
92,RB,12626,"Henry, Derrick",TEN,CLE,0,0,0,0,13.61,65,0.69,1.17,11,0.04,13
93,WR,13634,"Pettis, Dante",SFO,TBB,0,0,0,0,0.13,1,0,3.59,58,0.56,13
94,RB,12634,"Howard, Jordan",PHI,WAS,0,0,0,0,12.25,49,0.51,1.8,18,0.11,13
95,WR,13635,"Moore, D.J.",CAR,LAR,0,0,0,0,0.66,4,0.04,4.32,61,0.34,13
96,RB,12152,"Coleman, Tevin",SFO,TBB,0,0,0,0,11.16,59,0.3,2.08,18,0.12,13
97,WR,11680,"Landry, Jarvis",CLE,TEN,0,0,0,0,0.11,1,0.05,5.14,61,0.28,13
98,RB,10708,"Miller, Lamar",HOU,NOS,0,0,0,0,13.24,55,0.26,2.25,17,0.12,12
99,WR,12665,"Allison, Geronimo",GBP,CHI,0,0,0,0,0.33,2,0,4.05,53,0.27,12
100,WR,7393,"Fitzgerald, Larry",ARI,DET,0,0,0,0,0,0,0,4.96,53,0.36,12
101,RB,13605,"Guice, Derrius",WAS,PHI,0,0,0,0,9.45,43,0.36,2.62,21,0.16,12
102,RB,13608,"Penny, Rashaad",SEA,CIN,0,0,0,0,10.95,59,0.29,2.07,18,0.02,12
103,RB,12637,"Barber, Peyton",TBB,SFO,0,0,0,0,16.93,63,0.43,1.66,9,0.03,12
104,RB,13319,"Jones, Aaron",GBP,CHI,0,0,0,0,11.02,54,0.5,2.34,18,0.07,12
105,WR,11677,"Moncrief, Donte",PIT,NEP,0,0,0,0,0.09,0,0,4.7,55,0.14,12
106,WR,9918,"Sanders, Emmanuel",DEN,OAK,0,0,0,0,0.29,2,0.04,5.35,62,0.23,12
107,WR,13629,"Ridley, Calvin",ATL,MIN,0,0,0,0,0.3,1,0,4.33,51,0.57,12
108,TE,12676,"Henry, Hunter",LAC,IND,0,0,0,0,0,0,0,3.64,45,0.32,11
109,RB,13404,"Ekeler, Austin",LAC,IND,0,0,0,0,7.17,35,0.22,3.1,27,0.16,11
110,RB,13768,"Smith, Ito",ATL,MIN,0,0,0,0,11.18,40,0.26,2.67,16,0.06,11
111,TE,9474,"Cook, Jared",NOS,HOU,0,0,0,0,0,0,0,3.83,49,0.26,11
112,RB,9448,"McCoy, LeSean",BUF,NYJ,0,0,0,0,12.14,41,0.28,2.63,20,0.05,11
113,QB,10699,"Foles, Nick",JAC,KCC,14.15,146,0.81,0.97,2.89,17,0.07,0,0,0,11
114,RB,11761,"McKinnon, Jerick",SFO,TBB,0,0,0,0,8.21,35,0,2.9,21,0.1,10
115,RB,14079,"Sanders, Miles",PHI,WAS,0,0,0,0,11.48,48,0.17,2.29,18,0,10
116,TE,13188,"Howard, O.J.",TBB,SFO,0,0,0,0,0,0,0,2.7,40,0.47,10
117,RB,13606,"Jones, Ronald",TBB,SFO,0,0,0,0,7.8,46,0.38,2.21,13,0,10
118,WR,12773,"Moore, Chris",BAL,MIA,0,0,0,0,0.17,0,0,3.19,42,0.56,10
119,TE,13299,"Kittle, George",SFO,TBB,0,0,0,0,0.05,0,0,3.61,51,0.19,10
120,TE,11705,"Burton, Trey",CHI,GBP,0,0,0,0,0.04,0,0,3.59,35,0.4,10
121,RB,14087,"Henderson, Darrell",LAR,CAR,0,0,0,0,8.29,53,0.46,0.68,7,0.02,10
122,TE,6997,"Witten, Jason",DAL,NYG,0,0,0,0,0,0,0,4.2,39,0.32,10
123,RB,13617,"Freeman, Royce",DEN,OAK,0,0,0,0,11.56,47,0.39,1.73,9,0,10
124,WR,10960,"Gordon, Josh",NEP,PIT,0,0,0,0,0.41,2,0,2.92,47,0.27,10
125,TE,8416,"Walker, Delanie",TEN,CLE,0,0,0,0,0.04,0,0,3.68,42,0.27,10
126,RB,13613,"Samuels, Jaylen",PIT,NEP,0,0,0,0,6.76,30,0.05,3.01,21,0.4,10
127,RB,8658,"Peterson, Adrian",WAS,PHI,0,0,0,0,12.66,49,0.27,1.74,15,0.03,10
128,WR,13793,"Valdes-Scantling, Marquez",GBP,CHI,0,0,0,0,0.25,1,0,3.86,52,0.09,10
129,WR,10723,"Sanu, Mohamed",ATL,MIN,0,0,0,0,0.38,2,0,3.5,44,0.16,10
130,WR,8673,"Ginn Jr., Ted",NOS,HOU,0,0,0,0,0.38,2,0,3.69,51,0.22,10
131,TE,11695,"Ebron, Eric",IND,LAC,0,0,0,0,0.1,0,0.03,3.15,34,0.5,9
132,RB,11193,"Bernard, Giovani",CIN,SEA,0,0,0,0,5.81,22,0.16,3.25,23,0.08,9
133,WR,12176,"Parker, DeVante",MIA,BAL,0,0,0,0,0.01,0,0,3.9,44,0.13,9
134,WR,13157,"Samuel, Curtis",CAR,LAR,0,0,0,0,0.62,4,0.08,3.17,35,0.28,9
135,WR,11681,"Richardson, Paul",WAS,PHI,0,0,0,0,0.19,1,0,2.86,39,0.27,9
136,WR,13646,"Gallup, Michael",DAL,NYG,0,0,0,0,0,0,0,3.4,48,0.17,9
137,RB,13622,"Hines, Nyheim",IND,LAC,0,0,0,0,5.85,23,0.14,3.45,25,0.02,9
138,WR,11227,"Stills, Kenny",MIA,BAL,0,0,0,0,0.03,0,0,2.84,41,0.34,9
139,TE,11257,"McDonald, Vance",PIT,NEP,0,0,0,0,0,0,0,3.45,38,0.26,9
140,WR,12205,"Funchess, Devin",IND,LAC,0,0,0,0,0,0,0,3.18,40,0.27,9
141,WR,11670,"Watkins, Sammy",KCC,JAC,0,0,0,0,0.48,3,0,3.26,46,0.22,9
142,TE,11248,"Reed, Jordan",WAS,PHI,0,0,0,0,0,0,0,3.57,35,0.19,9
143,WR,9075,"Jackson, DeSean",PHI,WAS,0,0,0,0,0.28,1,0.04,3.09,47,0.15,9
144,WR,13662,"Coutee, Keke",HOU,NOS,0,0,0,0,0.24,1,0,3.57,42,0.17,9
145,TE,8687,"Olsen, Greg",CAR,LAR,0,0,0,0,0,0,0,3.13,36,0.36,9
146,RB,13850,"Edwards, Gus",BAL,MIA,0,0,0,0,11.87,57,0.17,1.22,8,0.05,9
147,WR,11239,"Goodwin, Marquise",SFO,TBB,0,0,0,0,0.25,1,0,2.65,42,0.32,9
148,TE,13192,"Njoku, David",CLE,TEN,0,0,0,0,0.03,0,0,3.34,41,0.3,9
149,WR,13645,"Smith, Tre'Quan",NOS,HOU,0,0,0,0,0.14,1,0,2.54,35,0.31,9
150,RB,14080,"Singletary, Devin",BUF,NYJ,0,0,0,0,8.4,60,0.07,1.57,13,0,9
151,RB,11657,"Hyde, Carlos",KCC,JAC,0,0,0,0,8.99,33,0.15,1.54,14,0.11,9
152,TE,11516,"Doyle, Jack",IND,LAC,0,0,0,0,0,0,0,3.5,32,0.3,9
153,TE,9925,"Graham, Jimmy",GBP,CHI,0,0,0,0,0,0,0,3.51,38,0.23,9
154,WR,13639,"Miller, Anthony",CHI,GBP,0,0,0,0,0.39,2,0,2.71,32,0.45,9
155,RB,11454,"Anderson, C.J.",DET,ARI,0,0,0,0,8.68,43,0.16,2.13,14,0.05,9
156,RB,11186,"Thompson, Chris",WAS,PHI,0,0,0,0,5.8,21,0,4.48,25,0.02,9
157,RB,12261,"Montgomery, Ty",NYJ,BUF,0,0,0,0,7.79,29,0.13,1.96,17,0,8
158,RB,13620,"Jackson, Justin",LAC,IND,0,0,0,0,6.51,31,0.2,2.33,20,0,8
159,TE,14138,"Hockenson, T.J.",DET,ARI,0,0,0,0,0,0,0,3.06,33,0.29,8
160,WR,13176,"Jones, Zay",BUF,NYJ,0,0,0,0,0.08,0,0,3.04,34,0.3,8
161,WR,13633,"Kirk, Christian",ARI,DET,0,0,0,0,0.2,1,0,2.93,36,0.2,8
162,WR,13631,"Washington, James",PIT,NEP,0,0,0,0,0.06,0,0.03,2.97,42,0.14,8
163,TE,13189,"Engram, Evan",NYG,DAL,0,0,0,0,0.16,1,0,3.32,41,0.23,8
164,TE,10312,"Rudolph, Kyle",MIN,ATL,0,0,0,0,0,0,0,3.38,32,0.31,8
165,WR,13348,"Moore, David",SEA,CIN,0,0,0,0,0.25,2,0,2.4,42,0.41,8
166,WR,12197,"Perriman, Breshad",TBB,SFO,0,0,0,0,0.18,0,0,2.8,43,0.19,8
167,WR,11672,"Lee, Marqise",JAC,KCC,0,0,0,0,0.15,1,0,3.35,41,0.22,8
168,TE,11250,"Eifert, Tyler",CIN,SEA,0,0,0,0,0,0,0,3.05,33,0.29,8
169,RB,11390,"Murray, Latavius",NOS,HOU,0,0,0,0,8.45,35,0.51,1.4,9,0.04,8
170,WR,13412,"Cole, Keelan",JAC,KCC,0,0,0,0,0.09,1,0,3.46,44,0.04,8
171,WR,9308,"Amendola, Danny",DET,ARI,0,0,0,0,0.11,0,0,3.82,37,0.05,8
172,RB,14223,"Mattison, Alexander",MIN,ATL,0,0,0,0,12.7,41,0.19,2.25,12,0,8
173,RB,14085,"Pollard, Tony",DAL,NYG,0,0,0,0,6.81,58,0.05,1.16,8,0,8
174,RB,13139,"Williams, Jamaal",GBP,CHI,0,0,0,0,7.54,30,0.21,1.71,15,0.03,8
175,TE,13674,"Goedert, Dallas",PHI,WAS,0,0,0,0,0,0,0,2.68,26,0.38,8
176,RB,13144,"McGuire, Elijah",NYJ,BUF,0,0,0,0,7.97,24,0.21,2.01,19,0.1,8
177,TE,13763,"Dissly, Will",SEA,CIN,0,0,0,0,0,0,0,2.3,29,0.45,8
178,WR,14122,"Slayton, Darius",NYG,DAL,0,0,0,0,0.2,1,0,2.5,35,0.18,8
179,WR,11975,"Gabriel, Taylor",CHI,GBP,0,0,0,0,0.62,4,0,3.53,36,0.04,8
180,WR,12648,"Doctson, Josh",WAS,PHI,0,0,0,0,0.08,0,0,3.31,43,0.24,8
181,WR,13155,"Ross, John",CIN,SEA,0,0,0,0,0.04,0,0,2.01,26,0.44,8
182,WR,13158,"Westbrook, Dede",JAC,KCC,0,0,0,0,0.42,3,0,3.07,37,0.22,8
183,WR,12184,"Crowder, Jamison",NYJ,BUF,0,0,0,0,0.31,2,0,3.68,40,0.06,8
184,RB,10389,"Lewis, Dion",TEN,CLE,0,0,0,0,8.97,33,0.06,3.02,21,0.08,8
185,WR,11850,"Enunwa, Quincy",NYJ,BUF,0,0,0,0,0.08,0,0,3.08,37,0.11,8
186,WR,12656,"Higgins, Rashard",CLE,TEN,0,0,0,0,0.1,0,0,2.36,37,0.24,7
187,TE,13193,"Smith, Jonnu",TEN,CLE,0,0,0,0,0.01,0,0,2.35,27,0.25,7
188,WR,12505,"Humphries, Adam",TEN,CLE,0,0,0,0,0.09,0,0,2.94,30,0.11,7
189,RB,12636,"Smallwood, Wendell",PHI,WAS,0,0,0,0,5.21,21,0.13,1.56,13,0.1,7
190,RB,13378,"Breida, Matt",SFO,TBB,0,0,0,0,6.86,35,0.1,1.2,12,0.06,7
191,RB,12912,"Richard, Jalen",OAK,DEN,0,0,0,0,2.78,14,0.04,3.29,28,0.05,7
192,TE,12677,"Hooper, Austin",ATL,MIN,0,0,0,0,0,0,0,3.47,33,0.19,7
193,RB,12157,"Johnson, Duke",HOU,NOS,0,0,0,0,4.75,20,0.13,2.09,19,0.03,7
194,RB,11834,"Blue, Alfred",JAC,KCC,0,0,0,0,11.37,41,0.19,1.43,10,0,7
195,WR,12181,"Agholor, Nelson",PHI,WAS,0,0,0,0,0.29,2,0,2.78,31,0.19,7
196,WR,13649,"Hamilton, DaeSean",DEN,OAK,0,0,0,0,0.08,0,0,3.28,33,0.14,7
197,RB,10709,"Martin, Doug",OAK,DEN,0,0,0,0,9.29,39,0.21,1.47,12,0,7
198,WR,10737,"Benjamin, Travis",LAC,IND,0,0,0,0,0.6,4,0,2.38,34,0.16,7
199,RB,7942,"Sproles, Darren",PHI,WAS,0,0,0,0,3.7,13,0.14,1.54,12,0.12,7
200,RB,13871,"Hilliard, Dontrell",CLE,TEN,0,0,0,0,4.34,18,0,2.54,20,0.07,7
201,WR,12391,"Williams, Tyrell",OAK,DEN,0,0,0,0,0.15,0,0,2.78,34,0.2,7
202,WR,11951,"Snead, Willie",BAL,MIA,0,0,0,0,0.06,0,0,2.84,32,0.01,6
203,WR,14101,"Harry, N'Keal",NEP,PIT,0,0,0,0,0.26,1,0,2.5,31,0.08,6
204,TE,8247,"Davis, Vernon",WAS,PHI,0,0,0,0,0,0,0,1.68,25,0.12,6
205,TE,12110,"Brate, Cameron",TBB,SFO,0,0,0,0,0,0,0,2.31,23,0.37,6
206,WR,10973,"Beasley, Cole",BUF,NYJ,0,0,0,0,0.15,1,0,2.76,30,0.06,6
207,WR,10308,"Cobb, Randall",DAL,NYG,0,0,0,0,0.06,0,0,2.82,25,0.06,6
208,RB,12164,"Davis, Mike",CHI,GBP,0,0,0,0,4.65,19,0.11,1.62,11,0.04,6
209,TE,12596,"LaCosse, Matt",NEP,PIT,0,0,0,0,0,0,0,2.79,32,0.08,6
210,WR,13168,"Reynolds, Josh",LAR,CAR,0,0,0,0,0.23,1,0,1.88,25,0.17,6
211,RB,12153,"Yeldon, T.J.",BUF,NYJ,0,0,0,0,3.49,13,0.03,1.81,15,0.09,6
212,WR,11890,"Wilson, Albert",MIA,BAL,0,0,0,0,0.34,1,0,2.44,28,0.11,6
213,WR,12934,"Rogers, Chester",IND,LAC,0,0,0,0,0.03,0,0,2.58,23,0.09,6
214,TE,12263,"Waller, Darren",OAK,DEN,0,0,0,0,0.11,1,0,2.31,31,0.14,6
215,TE,13671,"Andrews, Mark",BAL,MIA,0,0,0,0,0.01,0,0,2.25,34,0.21,6
216,TE,12317,"Uzomah, C.J.",CIN,SEA,0,0,0,0,0,0,0,2.41,25,0.12,6
217,WR,13653,"Foster, Robert",BUF,NYJ,0,0,0,0,0,0,0,1.87,33,0.18,6
218,WR,13418,"Bourne, Kendrick",SFO,TBB,0,0,0,0,0,0,0,2.27,27,0.18,6
219,WR,14113,"Hardman, Mecole",KCC,JAC,0,0,0,0,0.1,1,0,0.84,36,0,5
220,TE,13382,"Seals-Jones, Ricky",ARI,DET,0,0,0,0,0,0,0,1.81,20,0.11,5
221,WR,11758,"Latimer, Cody",NYG,DAL,0,0,0,0,0.04,0,0,1.61,22,0.09,5
222,WR,12785,"Robinson, Demarcus",KCC,JAC,0,0,0,0,0.03,0,0,1.55,22,0.15,5
223,TE,14137,"Fant, Noah",DEN,OAK,0,0,0,0,0,0,0,2.28,24,0.19,5
224,TE,14143,"Knox, Dawson",BUF,NYJ,0,0,0,0,0,0,0,2.16,23,0.09,5
225,WR,14104,"Brown, A.J.",TEN,CLE,0,0,0,0,0.16,0,0,1.89,26,0.04,5
226,RB,11182,"Burkhead, Rex",NEP,PIT,0,0,0,0,5.07,17,0.14,1.41,14,0.05,5
227,TE,12678,"Higbee, Tyler",LAR,CAR,0,0,0,0,0,0,0,1.51,17,0.11,5
228,WR,9884,"Thomas, Demaryius",NEP,PIT,0,0,0,0,0.17,0,0,2.35,24,0.15,5
229,RB,13135,"Gallman, Wayne",NYG,DAL,0,0,0,0,5.89,23,0.08,1.6,10,0,5
230,RB,13136,"Clement, Corey",PHI,WAS,0,0,0,0,3.82,16,0.13,1.12,11,0.03,5
231,WR,14125,"Boykin, Miles",BAL,MIA,0,0,0,0,0.09,0,0,1.86,21,0.11,5
232,TE,13236,"Everett, Gerald",LAR,CAR,0,0,0,0,0.13,1,0,1.73,18,0.09,5
233,TE,13819,"Thomas, Jordan",HOU,NOS,0,0,0,0,0,0,0,1.85,21,0.22,5
234,WR,10734,"Wright, Jarius",CAR,LAR,0,0,0,0,0.19,1,0,2.15,24,0.02,5
235,TE,10398,"Smith, Lee",BUF,NYJ,0,0,0,0,0,0,0,0.89,23,0.28,5
236,WR,14116,"Hurd, Jalen",SFO,TBB,0,0,0,0,0.06,0,0,1.33,37,0,5
237,TE,12680,"Vannett, Nick",SEA,CIN,0,0,0,0,0,0,0,2.08,19,0.22,5
238,TE,13722,"Jarwin, Blake",DAL,NYG,0,0,0,0,0,0,0,2.07,22,0.17,5
239,WR,12188,"Dorsett, Phillip",NEP,PIT,0,0,0,0,0.03,0,0,1.54,16,0.23,5
240,RB,12264,"Zenner, Zach",DET,ARI,0,0,0,0,5.43,21,0.16,0.99,7,0,5
241,RB,12629,"Booker, Devontae",DEN,OAK,0,0,0,0,3.45,16,0.04,2.17,16,0,5
242,WR,13664,"Quinn, Trey",WAS,PHI,0,0,0,0,0.2,1,0,2.26,24,0.03,5
243,RB,12632,"Dixon, Kenneth",BAL,MIA,0,0,0,0,5.62,27,0.07,0.95,8,0,5
244,WR,14123,"Renfrow, Hunter",OAK,DEN,0,0,0,0,0.03,0,0,2.17,21,0.02,4
245,WR,12645,"Treadwell, Laquon",MIN,ATL,0,0,0,0,0,0,0,1.66,15,0.01,4
246,RB,13611,"Adams, Josh",PHI,WAS,0,0,0,0,6.7,27,0.12,0.31,3,0,4
247,WR,11225,"Patterson, Cordarrelle",CHI,GBP,0,0,0,0,2.09,12,0.05,0.92,10,0.1,4
248,WR,12257,"Conley, Chris",JAC,KCC,0,0,0,0,0,0,0,1.29,15,0.12,4
249,RB,11199,"Ware, Spencer",IND,LAC,0,0,0,0,2.02,10,0.11,0.77,8,0,4
250,TE,12212,"Kroft, Tyler",BUF,NYJ,0,0,0,0,0,0,0,1.62,18,0.03,4
251,WR,13776,"Watson, Justin",TBB,SFO,0,0,0,0,0.12,1,0,1.69,20,0,4
252,TE,9912,"Dickson, Ed",SEA,CIN,0,0,0,0,0,0,0,1.49,15,0.22,4
253,RB,13108,"McKissic, J.D.",SEA,CIN,0,0,0,0,2.92,12,0,1.19,8,0.09,4
254,TE,12211,"James, Jesse",DET,ARI,0,0,0,0,0,0,0,2.12,23,0.07,4
255,TE,12208,"Heuerman, Jeff",DEN,OAK,0,0,0,0,0,0,0,1.33,15,0.09,4
256,RB,13133,"Perine, Samaje",WAS,PHI,0,0,0,0,5.86,19,0.03,1.37,9,0,4
257,WR,14136,"Samuel, Deebo",SFO,TBB,0,0,0,0,0.04,0,0,1.61,17,0,4
258,TE,13254,"Shaheen, Adam",CHI,GBP,0,0,0,0,0,0,0,1.31,15,0.14,4
259,WR,10983,"Hogan, Chris",CAR,LAR,0,0,0,0,0.08,0,0.02,1.69,23,0.07,4
260,RB,13726,"Edmonds, Chase",ARI,DET,0,0,0,0,4.1,12,0.09,1,6,0,4
261,WR,12471,"Roberts, Seth",BAL,MIA,0,0,0,0,0.2,0,0,1.8,18,0.06,4
262,TE,13680,"Hurst, Hayden",BAL,MIA,0,0,0,0,0.01,0,0,1.68,17,0.04,4
263,RB,12832,"Jackson, Darius",DAL,NYG,0,0,0,0,0.73,37,0,0,0,0,4
264,TE,12378,"Swaim, Geoff",JAC,KCC,0,0,0,0,0,0,0,2.31,20,0.06,4
265,TE,13678,"Thomas, Ian",CAR,LAR,0,0,0,0,0,0,0,2.39,22,0.07,4
266,WR,12814,"Grant, Jakeem",MIA,BAL,0,0,0,0,0.18,1,0,1.42,19,0.15,4
267,RB,14075,"Harris, Damien",NEP,PIT,0,0,0,0,7.02,26,0,1.14,8,0.05,4
268,WR,11456,"Brown, Jaron",SEA,CIN,0,0,0,0,0.01,0,0,1.34,15,0.15,4
269,WR,12824,"Core, Cody",CIN,SEA,0,0,0,0,0.09,0,0,1.65,15,0.08,4
270,RB,10369,"Powell, Bilal",NYJ,BUF,0,0,0,0,5.9,23,0.08,0.87,7,0.05,4
271,TE,13672,"Gesicki, Mike",MIA,BAL,0,0,0,0,0,0,0,2.35,21,0.06,4
272,WR,14112,"Campbell, Parris",IND,LAC,0,0,0,0,0.11,0,0,1.93,19,0.05,4
273,WR,12394,"Carter, DeAndre",HOU,NOS,0,0,0,0,0.12,1,0,1.59,17,0,4
274,RB,14284,"Thompson, Darwin",KCC,JAC,0,0,0,0,1.83,40,0,0.47,4,0,4
275,TE,10409,"Clay, Charles",ARI,DET,0,0,0,0,0,0,0,1.96,19,0.02,4
276,RB,14017,"Wilson, Jeffery",SFO,TBB,0,0,0,0,5.49,23,0,0.61,4,0,4
277,RB,11367,"Juszczyk, Kyle",SFO,TBB,0,0,0,0,0.33,1,0,1.51,16,0.06,4
278,RB,10870,"Morris, Alfred",DAL,NYG,0,0,0,0,6.01,22,0.08,0.43,4,0,3
279,WR,13637,"St. Brown, Equanimeous",GBP,CHI,0,0,0,0,0.08,0,0,1.27,19,0.01,3
280,WR,13167,"Taylor, Taywan",TEN,CLE,0,0,0,0,0.1,1,0,1.4,17,0.04,3
281,TE,10432,"Green, Virgil",LAC,IND,0,0,0,0,0,0,0,1.14,11,0.12,3
282,QB,14059,"Jones, Daniel",NYG,DAL,4.63,35,0.25,0.24,0.74,3,0,0,0,0,3
283,RB,13816,"Cannon, Trenton",NYJ,BUF,0,0,0,0,2.66,8,0.09,0.91,6,0,3
284,WR,13165,"Switzer, Ryan",PIT,NEP,0,0,0,0,0.31,1,0,1.58,10,0.05,3
285,WR,10500,"Pryor, Terrelle",JAC,KCC,0,0,0,0,0,0,0,0.51,9,0.09,3
286,QB,14058,"Haskins, Dwayne",WAS,PHI,2.23,63,0,0.44,0.12,1,0,0,0,0,3
287,QB,10697,"Tannehill, Ryan",TEN,CLE,4.15,45,0.27,0.21,1.04,4,0,0,0,0,3
288,TE,13919,"Firkser, Anthony",TEN,CLE,0,0,0,0,0,0,0,1.28,15,0.06,3
289,WR,13882,"Kirkwood, Keith",NOS,HOU,0,0,0,0,0.03,0,0,0.95,11,0.17,3
290,TE,11007,"Celek, Garrett",SFO,TBB,0,0,0,0,0,0,0,0.54,10,0.12,3
291,TE,11448,"Harris, Demetrius",CLE,TEN,0,0,0,0,0,0,0,0.86,10,0.15,3
292,TE,11399,"Griffin, Ryan",NYJ,BUF,0,0,0,0,0,0,0,1.31,17,0.06,3
293,WR,13488,"Pascal, Zach",IND,LAC,0,0,0,0,0.14,1,0,1.44,16,0.08,3
294,WR,13377,"Patrick, Tim",DEN,OAK,0,0,0,0,0.16,1,0,1.21,17,0.04,3
295,TE,13246,"Alie-Cox, Mo",IND,LAC,0,0,0,0,0,0,0,0.53,11,0.16,3
296,TE,11337,"Fells, Darren",HOU,NOS,0,0,0,0,0,0,0,0.62,6,0.1,3
297,TE,13753,"Akins, Jordan",HOU,NOS,0,0,0,0,0,0,0,1.21,15,0,3
298,QB,11642,"Bortles, Blake",LAR,CAR,3.97,44,0.17,0.22,1.51,7,0.01,0,0,0,3
299,QB,8062,"Fitzpatrick, Ryan",MIA,BAL,3.02,38,0.26,0.38,0.95,6,0.03,0,0,0,3
300,RB,12161,"Artis-Payne, Cameron",CAR,LAR,0,0,0,0,3.87,16,0.2,0.3,2,0.02,3
301,WR,12657,"Sharpe, Tajae",TEN,CLE,0,0,0,0,0.07,0,0,1.09,12,0.1,3
302,RB,13789,"Wilkins, Jordan",IND,LAC,0,0,0,0,3.09,19,0.06,1.03,5,0,3
303,WR,13794,"Ratley, Damion",CLE,TEN,0,0,0,0,0.06,0,0,1.35,17,0,3
304,WR,12185,"Hardy, Justin",ATL,MIN,0,0,0,0,0,0,0,0.9,9,0.14,3
305,WR,11925,"Hurns, Allen",MIA,BAL,0,0,0,0,0,0,0,0.67,11,0.09,3
306,QB,14062,"Grier, Will",CAR,LAR,1.04,52,0,0,0.52,0,0,0,0,0,2
307,WR,13999,"Beebe, Chad",MIN,ATL,0,0,0,0,0,0,0,0.95,9,0,2
308,WR,13668,"Chark, D.J.",JAC,KCC,0,0,0,0,0,0,0,0.8,9,0,2
309,WR,13893,"Sherfield, Trent",ARI,DET,0,0,0,0,0,0,0,1.06,11,0.07,2
310,TE,13890,"Croom, Jason",BUF,NYJ,0,0,0,0,0,0,0,1.06,12,0.01,2
311,WR,13910,"Powell, Brandon",DET,ARI,0,0,0,0,0.09,0,0,0.93,8,0,2
312,QB,13968,"Mullens, Nick",SFO,TBB,2.83,36,0.23,0.19,0.35,0,0,0,0,0,2
313,TE,13195,"Leggett, Jordan",TBB,SFO,0,0,0,0,0,0,0,0.55,5,0,2
314,RB,14093,"Armstead, Ryquell",JAC,KCC,0,0,0,0,2.63,8,0,0.61,5,0,2
315,QB,14057,"Lock, Drew",DEN,OAK,1.46,48,0,0.2,0.37,1,0,0,0,0,2
316,QB,14068,"Finley, Ryan",CIN,SEA,1.99,23,0.11,0.22,0.28,2,0,0,0,0,2
317,TE,13772,"Schultz, Dalton",DAL,NYG,0,0,0,0,0,0,0,0.57,6,0,2
318,WR,14107,"Arcega-Whiteside, JJ",PHI,WAS,0,0,0,0,0,0,0,0.78,7,0,2
319,WR,13280,"Williams, Chad",ARI,DET,0,0,0,0,0.1,1,0,0.83,9,0.07,2
320,RB,13239,"Penny, Elijhaa",NYG,DAL,0,0,0,0,0.55,2,0,0.56,4,0,2
321,WR,13647,"Ateman, Marcell",OAK,DEN,0,0,0,0,0,0,0,1.29,14,0.02,2
322,WR,13367,"Carr, Austin",NOS,HOU,0,0,0,0,0,0,0,0.64,6,0.06,2
323,TE,13880,"Arnold, Dan",NOS,HOU,0,0,0,0,0,0,0,0.92,12,0.05,2
324,QB,12617,"Kessler, Cody",PHI,WAS,2.15,20,0.12,0.1,0.82,3,0,0,0,0,2
325,WR,12731,"Rogers, Eli",PIT,NEP,0,0,0,0,0.07,0,0.02,1.45,10,0.05,2
326,TE,10838,"Ellison, Rhett",NYG,DAL,0,0,0,0,0,0,0,1.37,14,0.06,2
327,TE,14209,"Oliver, Josh",JAC,KCC,0,0,0,0,0,0,0,0.77,8,0,2
328,RB,11101,"Develin, James",NEP,PIT,0,0,0,0,0.19,0,0.16,0.57,3,0,2
329,WR,11104,"Bellamy, Josh",NYJ,BUF,0,0,0,0,0.1,1,0,0.76,9,0.03,2
330,QB,11151,"Barkley, Matt",BUF,NYJ,1.9,24,0.19,0.17,0.37,1,0,0,0,0,2
331,WR,11213,"Austin, Tavon",DAL,NYG,0,0,0,0,0.65,4,0,0.92,10,0.07,2
332,WR,11237,"Shepard, Russell",NYG,DAL,0,0,0,0,0,0,0,0.5,9,0.08,2
333,TE,11252,"Toilolo, Levine",SFO,TBB,0,0,0,0,0,0,0,1,13,0.03,2
334,TE,12792,"DeValve, Seth",CLE,TEN,0,0,0,0,0,0,0,0.66,9,0.02,2
335,TE,11381,"Willson, Luke",OAK,DEN,0,0,0,0,0,0,0,0.76,5,0.05,2
336,TE,11529,"Hill, Josh",NOS,HOU,0,0,0,0,0,0,0,1.07,14,0.05,2
337,TE,10742,"Allen, Dwayne",MIA,BAL,0,0,0,0,0,0,0,0.75,7,0.02,2
338,WR,11676,"Matthews, Jordan",SFO,TBB,0,0,0,0,0,0,0,0.75,8,0.08,2
339,TE,11701,"Grimble, Xavier",PIT,NEP,0,0,0,0,0,0,0,1.15,11,0.03,2
340,WR,11812,"Grant, Ryan",OAK,DEN,0,0,0,0,0.02,0,0,1.18,12,0.03,2
341,WR,11931,"Fowler, Bennie",NYG,DAL,0,0,0,0,0.01,0,0,1,13,0.06,2
342,TE,8269,"Lewis, Marcedes",GBP,CHI,0,0,0,0,0,0,0,0.52,6,0.02,2
343,QB,12142,"Hundley, Brett",ARI,DET,2.43,26,0.1,0.19,0.43,2,0.01,0,0,0,2
344,TE,12213,"Bell, Blake",KCC,JAC,0,0,0,0,0,0,0,0.72,8,0.05,2
345,TE,12309,"Pruitt, MyCole",TEN,CLE,0,0,0,0,0,0,0,0.54,7,0.01,2
346,TE,12328,"Boyle, Nick",BAL,MIA,0,0,0,0,0.04,0,0,1.12,11,0,2
347,TE,12330,"O'Shaughnessy, James",JAC,KCC,0,0,0,0,0,0,0,1.22,11,0,2
348,RB,12386,"Brown, Malcolm",LAR,CAR,0,0,0,0,3.73,20,0.02,0.37,3,0.04,2
349,RB,12871,"Foster, D.J.",ARI,DET,0,0,0,0,0.55,2,0.02,0.51,4,0,2
350,WR,9823,"Bryant, Dez",NOS,HOU,0,0,0,0,0.03,0,0,0.71,10,0.03,2
351,RB,12444,"Smith, Rod",NYG,DAL,0,0,0,0,2.76,9,0.02,0.54,3,0,2
352,QB,10262,"Gabbert, Blaine",TBB,SFO,2.18,26,0.13,0.2,0.37,1,0.03,0,0,0,2
353,WR,14124,"Johnson, KeeSean",ARI,DET,0,0,0,0,0.15,1,0,0.56,6,0,2
354,RB,10300,"Rodgers, Jacquizz",NOS,HOU,0,0,0,0,1.4,4,0.02,1.24,10,0,2
355,WR,14127,"Meyers, Jakobi",NEP,PIT,0,0,0,0,0.49,2,0,0.55,7,0,2
356,QB,13125,"Beathard, C.J.",SFO,TBB,1.58,20,0.11,0.1,0.36,1,0.02,0,0,0,2
357,TE,10318,"Kendricks, Lance",NEP,PIT,0,0,0,0,0,0,0,0.74,7,0,2
358,QB,13114,"Kizer, DeShone",GBP,CHI,2.77,31,0.08,0.33,1.04,6,0.02,0,0,0,2
359,WR,10289,"Smith, Torrey",CAR,LAR,0,0,0,0,0.06,0,0.01,0.87,12,0.06,2
360,TE,14140,"Sternberger, Jace",GBP,CHI,0,0,0,0,0,0,0,1.16,11,0,2
361,TE,10354,"Stocker, Luke",ATL,MIN,0,0,0,0,0.03,0,0,0.75,8,0.05,2
362,WR,12913,"Erickson, Alex",CIN,SEA,0,0,0,0,0.14,1,0,0.94,9,0,2
363,QB,10696,"Griffin III, Robert",BAL,MIA,0.71,7,0.11,0,1.58,7,0.07,0,0,0,2
364,WR,12917,"Harris, Maurice",NEP,PIT,0,0,0,0,0.08,0,0,0.7,7,0,2
365,WR,13387,"Johnson, Marcus",IND,LAC,0,0,0,0,0.09,0,0,0.42,6,0.02,1
366,RB,13240,"Hill, Brian",ATL,MIN,0,0,0,0,2.03,12,0,0.22,2,0,1
367,WR,14297,"Ursua, John",SEA,CIN,0,0,0,0,0.03,0,0,0.44,5,0,1
368,WR,12873,"Jones, Andy",DET,ARI,0,0,0,0,0,0,0,0.47,3,0.11,1
369,TE,13190,"Butt, Jake",DEN,OAK,0,0,0,0,0,0,0,0.36,5,0,1
370,QB,12616,"Brissett, Jacoby",IND,LAC,2.05,18,0.07,0.04,1.44,1,0.02,0,0,0,1
371,QB,11640,"Bridgewater, Teddy",NOS,HOU,0.92,8,0.06,0.11,1.59,4,0,0,0,0,1
372,QB,7813,"Smith, Alex",WAS,PHI,1.03,11,0.06,0.02,0.21,1,0.01,0,0,0,1
373,WR,13648,"Burnett, Deontay",NYJ,BUF,0,0,0,0,0.04,0,0,0.42,5,0,1
374,RB,14074,"Williams, Dexter",GBP,CHI,0,0,0,0,1.31,4,0,0.2,1,0,1
375,WR,13384,"Mizzell, Taquan",CHI,GBP,0,0,0,0,0.63,1,0,0.44,4,0.01,1
376,QB,12381,"Siemian, Trevor",NYJ,BUF,1.32,13,0.04,0.21,0.32,2,0,0,0,0,1
377,WR,13172,"Brown, Noah",DAL,NYG,0,0,0,0,0,0,0,0.47,5,0,1
378,QB,8712,"Stanton, Drew",CLE,TEN,1.96,19,0.04,0.21,0.56,3,0,0,0,0,1
379,TE,13065,"Tomlinson, Eric",NYJ,BUF,0,0,0,0,0,0,0,0.5,4,0.01,1
380,RB,14094,"Scarlett, Jordan",CAR,LAR,0,0,0,0,1.94,5,0,0.12,1,0,1
381,QB,12623,"Driskel, Jeff",CIN,SEA,1.01,10,0.03,0.03,0.23,1,0.02,0,0,0,1
382,WR,12586,"Jennings, Darius",TEN,CLE,0,0,0,0,0.01,0,0,0.46,5,0,1
383,RB,12155,"Abdullah, Ameer",MIN,ATL,0,0,0,0,0.85,2,0,0.43,3,0,1
384,TE,14141,"Smith Jr., Irv",MIN,ATL,0,0,0,0,0,0,0,0.56,4,0,1
385,RB,12447,"Mostert, Raheem",SFO,TBB,0,0,0,0,1.46,9,0.01,0.34,1,0,1
386,RB,12367,"Murphy, Marcus",BUF,NYJ,0,0,0,0,2.57,11,0,0.39,1,0,1
387,QB,13424,"Hill, Taysom",NOS,HOU,0.19,3,0,0,1.5,5,0.07,0,0,0,1
388,RB,12845,"Washington, Dwayne",NOS,HOU,0,0,0,0,1.53,8,0.01,0.04,0,0.01,1
389,RB,12857,"Washington, DeAndre",OAK,DEN,0,0,0,0,1.66,5,0,0.35,2,0,1
390,QB,10413,"Taylor, Tyrod",LAC,IND,1.93,21,0.06,0.08,1.11,5,0.02,0,0,0,1
391,RB,13148,"Ogunbowale, Dare",TBB,SFO,0,0,0,0,1.54,5,0,0.39,2,0,1
392,QB,7480,"Schaub, Matt",ATL,MIN,0.13,1,0,0,0.03,0,0,0,0,0,0
393,WR,13884,"Smith, Vyncint",HOU,NOS,0,0,0,0,0,0,0,0.29,3,0.02,0
394,QB,14060,"Jackson, Tyree",BUF,NYJ,0,0,0,0,0,0,0,0,0,0,0
395,RB,13891,"Newsome, Detrez",LAC,IND,0,0,0,0,0.52,2,0,0.04,0,0,0
396,TE,13940,"Mundt, Johnny",LAR,CAR,0,0,0,0,0,0,0,0.02,0,0,0
397,RB,14029,"Ford, Keith",GBP,CHI,0,0,0,0,0.27,1,0,0.08,1,0,0
398,QB,9714,"Hoyer, Brian",NEP,PIT,0.15,1,0,0,1.65,0,0,0,0,0,0
399,RB,13961,"Dawkins, Dalyn",TEN,CLE,0,0,0,0,0,0,0,0,0,0,0
400,WR,13963,"Hodge, KhaDarel",LAR,CAR,0,0,0,0,0,0,0,0.01,0,0,0
401,QB,9899,"McCoy, Colt",WAS,PHI,0.03,0,0,0,0.01,0,0,0,0,0,0
402,RB,13916,"Howell, Buddy",HOU,NOS,0,0,0,0,0,0,0,0,0,0,0
403,WR,13911,"Willies, Derrick",CLE,TEN,0,0,0,0,0,0,0,0.17,3,0,0
404,RB,4397,"Nix, Roosevelt",PIT,NEP,0,0,0,0,0.06,0,0,0.08,1,0,0
405,QB,9706,"Daniel, Chase",CHI,GBP,0,0,0,0,1.08,0,0,0,0,0,0
406,QB,13892,"Litton, Chase",KCC,JAC,0,0,0,0,0,0,0,0,0,0,0
407,WR,13895,"Sims, Cam",WAS,PHI,0,0,0,0,0,0,0,0,0,0,0
408,TE,13988,"Dwelley, Ross",SFO,TBB,0,0,0,0,0,0,0,0.05,0,0,0
409,QB,9207,"Johnson, Josh",DET,ARI,0.11,1,0,0.01,0.04,0,0,0,0,0,0
410,RB,13958,"Turner, De'Lance",BAL,MIA,0,0,0,0,0.25,1,0,0.13,0,0,0
411,TE,13994,"Brown, Pharaoh",CLE,TEN,0,0,0,0,0,0,0,0,0,0,0
412,TE,13995,"Franks, Jordan",CIN,SEA,0,0,0,0,0,0,0,0.02,0,0,0
413,QB,9073,"Henne, Chad",KCC,JAC,0.32,4,0,0,0.2,1,0,0,0,0,0
414,WR,13990,"Scott, Da'Mari",FA,,0,0,0,0,0,0,0,0,0,0,0
415,WR,14114,"Harmon, Kelvin",WAS,PHI,0,0,0,0,0,0,0,0,0,0,0
416,TE,14591,"Lovett, John",KCC,JAC,0,0,0,0,0,0,0,0,0,0,0
417,RB,14097,"Ollison, Qadree",ATL,MIN,0,0,0,0,0,0,0,0,0,0,0
418,TE,14239,"Moreau, Foster",OAK,DEN,0,0,0,0,0,0,0,0,0,0,0
419,RB,14082,"Love, Bryce",WAS,PHI,0,0,0,0,0,0,0,0,0,0,0
420,RB,14083,"Homer, Travis",SEA,CIN,0,0,0,0,0,0,0,0,0,0,0
421,RB,14084,"Holyfield, Elijah",CAR,LAR,0,0,0,0,0.15,0,0,0.02,0,0,0
422,TE,14231,"Wesco, Trevon",NYJ,BUF,0,0,0,0,0,0,0,0,0,0,0
423,RB,14086,"Hill, Justice",BAL,MIA,0,0,0,0,0.2,0,0,0,0,0,0
424,RB,14088,"Anderson, Rodney",CIN,SEA,0,0,0,0,0,0,0,0,0,0,0
425,WR,14208,"Johnson, Diontae",PIT,NEP,0,0,0,0,0,0,0,0,0,0,0
426,WR,14193,"Russell, Alonzo",NYG,DAL,0,0,0,0,0,0,0,0.01,0,0,0
427,RB,14095,"Johnson, Ty",DET,ARI,0,0,0,0,1.04,1,0,0.15,1,0,0
428,TE,14146,"Sample, Drew",CIN,SEA,0,0,0,0,0,0,0,0.05,0,0,0
429,RB,14096,"Ozigbo, Devine",NOS,HOU,0,0,0,0,0,0,0,0,0,0,0
430,TE,14145,"Wilson, Caleb",ARI,DET,0,0,0,0,0,0,0,0,0,0,0
431,TE,14240,"Gentry, Zach",PIT,NEP,0,0,0,0,0,0,0,0.03,0,0,0
432,RB,14098,"Crockett, Damarea",HOU,NOS,0,0,0,0,0,0,0,0,0,0,0
433,WR,14102,"Metcalf, DK",SEA,CIN,0,0,0,0,0,0,0,0,0,0,0
434,TE,14144,"Nauta, Isaac",DET,ARI,0,0,0,0,0,0,0,0,0,0,0
435,TE,14142,"Smith, Kaden",SFO,TBB,0,0,0,0,0,0,0,0,0,0,0
436,WR,14106,"Butler, Hakeem",ARI,DET,0,0,0,0,0,0,0,0,0,0,0
437,TE,14139,"Mack, Alize",NOS,HOU,0,0,0,0,0,0,0,0,0,0,0
438,WR,14129,"Mitchell, Dillon",MIN,ATL,0,0,0,0,0,0,0,0,0,0,0
439,WR,14126,"Williams, Preston",MIA,BAL,0,0,0,0,0,0,0,0,0,0,0
440,WR,14109,"McLaurin, Terry",WAS,PHI,0,0,0,0,0,0,0,0,0,0,0
441,WR,14111,"Lodge, DaMarkus",TBB,SFO,0,0,0,0,0,0,0,0,0,0,0
442,WR,14121,"Isabella, Andy",ARI,DET,0,0,0,0,0,0,0,0,0,0,0
443,WR,14120,"Jennings, Gary",SEA,CIN,0,0,0,0,0,0,0,0,0,0,0
444,RB,14081,"Gaskin, Myles",MIA,BAL,0,0,0,0,0.45,1,0,0.36,1,0.05,0
445,RB,14078,"Higdon, Karan",HOU,NOS,0,0,0,0,0,0,0,0,0,0,0
446,QB,14510,"Anderson, Drew",ARI,DET,0,0,0,0,0,0,0,0,0,0,0
447,TE,14324,"Raymond, Dax",CHI,GBP,0,0,0,0,0,0,0,0,0,0,0
448,RB,14480,"Ellis, Jordan",CIN,SEA,0,0,0,0,0,0,0,0,0,0,0
449,QB,14061,"McSorley, Trace",BAL,MIA,0,0,0,0,0,0,0,0,0,0,0
450,RB,14435,"Bonnafon, Reggie",CAR,LAR,0,0,0,0,0.55,0,0,0,0,0,0
451,TE,14370,"Hudson, Tanner",TBB,SFO,0,0,0,0,0,0,0,0,0,0,0
452,WR,14365,"Patton, Andre",LAC,IND,0,0,0,0,0,0,0,0,0,0,0
453,TE,14341,"Parham, Donald",WAS,PHI,0,0,0,0,0,0,0,0,0,0,0
454,QB,14063,"Stidham, Jarrett",NEP,PIT,0,0,0,0,0,0,0,0,0,0,0
455,QB,14064,"Thorson, Clayton",PHI,WAS,0,0,0,0,0,0,0,0,0,0,0
456,RB,14338,"Hilliman, Jon",NYG,DAL,0,0,0,0,0,0,0,0,0,0,0
457,RB,14333,"Hills, Wes",ARI,DET,0,0,0,0,0,0,0,0,0,0,0
458,TE,14332,"Conrad, C.J.",NYG,DAL,0,0,0,0,0,0,0,0.09,1,0,0
459,RB,14331,"Johnson, D'Ernest",CLE,TEN,0,0,0,0,0.06,0,0,0.36,4,0,0
460,TE,14319,"Beck, Andrew",NEP,PIT,0,0,0,0,0,0,0,0.06,1,0,0
461,RB,14077,"Weber, Mike",DAL,NYG,0,0,0,0,0,0,0,0,0,0,0
462,RB,14314,"Anderson, Bruce",TBB,SFO,0,0,0,0,0,0,0,0,0,0,0
463,QB,14067,"Minshew, Gardner",JAC,KCC,0.3,3,0,0,0.52,0,0,0,0,0,0
464,WR,14305,"Johnson, Olabisi",MIN,ATL,0,0,0,0,0,0,0,0,0,0,0
465,QB,14069,"Stick, Easton",LAC,IND,0,0,0,0,0,0,0,0,0,0,0
466,RB,14072,"Snell Jr., Benny",PIT,NEP,0,0,0,0,0.5,1,0,0.08,0,0,0
467,RB,14295,"Cox, Chandler",MIA,BAL,0,0,0,0,0,0,0,0,0,0,0
468,TE,14294,"Sweeney, Tommy",BUF,NYJ,0,0,0,0,0,0,0,0,0,0,0
469,RB,14289,"Whyte, Kerrith",CHI,GBP,0,0,0,0,0.19,0,0,0,0,0,0
470,WR,14280,"Miller, Scott",TBB,SFO,0,0,0,0,0,0,0,0,0,0,0
471,WR,14277,"Green, Marcus",ATL,MIN,0,0,0,0,0.05,0,0,0.01,0,0,0
472,WR,14267,"Winfree, Juwann",DEN,OAK,0,0,0,0,0,0,0,0.03,0,0,0
473,RB,14076,"Williams, Trayveon",CIN,SEA,0,0,0,0,0.97,3,0,0.15,1,0,0
474,TE,10123,"Paulsen, Logan",ATL,MIN,0,0,0,0,0,0,0,0.41,4,0.01,0
475,WR,13169,"Chesson, Jehu",WAS,PHI,0,0,0,0,0.11,0,0,0.16,1,0.02,0
476,QB,13879,"Allen, Kyle",CAR,LAR,0.04,1,0,0,0.01,0,0,0,0,0,0
477,QB,12618,"Hogan, Kevin",DEN,OAK,0,0,0,0,0,0,0,0,0,0,0
478,RB,12639,"Ervin, Tyler",BAL,MIA,0,0,0,0,0.13,0,0,0.09,0,0,0
479,WR,12638,"Reynolds, Keenan",SEA,CIN,0,0,0,0,0,0,0,0,0,0,0
480,RB,12635,"Williams, Jonathan",IND,LAC,0,0,0,0,0.13,0,0,0,0,0,0
481,RB,12631,"Perkins, Paul",NYG,DAL,0,0,0,0,0.33,1,0,0.02,0,0,0
482,RB,12630,"Drake, Kenyan",MIA,BAL,0,0,0,0,0,0,0,0,0,0,0
483,RB,12627,"Prosise, C.J.",SEA,CIN,0,0,0,0,0.66,2,0,0.11,1,0,0
484,QB,12621,"Allen, Brandon",LAR,CAR,0,0,0,0,0,0,0,0,0,0,0
485,QB,12615,"Jones, Cardale",LAC,IND,0,0,0,0,0,0,0,0,0,0,0
486,RB,12642,"Farrow, Kenneth",MIA,BAL,0,0,0,0,0.15,0,0,0,0,0,0
487,QB,12612,"Lynch, Paxton",SEA,CIN,0.04,0,0,0,0.01,0,0,0,0,0,0
488,TE,12608,"Winchester, James",KCC,JAC,0,0,0,0,0,0,0,0,0,0,0
489,TE,12585,"Brown, Daniel",NYJ,BUF,0,0,0,0,0,0,0,0,0,0,0
490,TE,12532,"Tye, Will",PHI,WAS,0,0,0,0,0,0,0,0,0,0,0
491,TE,12499,"Holmes, Gabe",IND,LAC,0,0,0,0,0,0,0,0,0,0,0
492,QB,12476,"Heinicke, Taylor",CAR,LAR,0.04,1,0,0,0.04,0,0,0,0,0,0
493,WR,12464,"Byrd, Damiere",ARI,DET,0,0,0,0,0,0,0,0,0,0,0
494,RB,12640,"Ferguson, Josh",HOU,NOS,0,0,0,0,0,0,0,0,0,0,0
495,WR,12667,"Williams, Duke",BUF,NYJ,0,0,0,0,0,0,0,0.13,1,0,0
496,TE,12405,"Saxton, Wes",SEA,CIN,0,0,0,0,0,0,0,0,0,0,0
497,TE,12868,"Braunecker, Ben",CHI,GBP,0,0,0,0,0,0,0,0.29,3,0,0
498,TE,12955,"Manhertz, Chris",CAR,LAR,0,0,0,0,0,0,0,0.11,1,0.01,0
499,WR,12949,"McEvoy, Tanner",TEN,CLE,0,0,0,0,0,0,0,0,0,0,0
500,RB,12929,"Pope, Troymaine",LAC,IND,0,0,0,0,0,0,0,0,0,0,0
501,RB,12923,"Ham, C.J.",MIN,ATL,0,0,0,0,0.26,0,0,0.37,3,0,0
502,WR,12921,"Lewis, Tommylee",DET,ARI,0,0,0,0,0.09,1,0,0.19,3,0.02,0
503,TE,12899,"Wick, Cole",TEN,CLE,0,0,0,0,0,0,0,0,0,0,0
504,TE,12898,"Travis, Ross",IND,LAC,0,0,0,0,0,0,0,0.04,1,0,0
505,RB,12867,"Wilds, Brandon",FA,,0,0,0,0,0.36,1,0,0,0,0,0
506,WR,12673,"Peake, Charone",NYJ,BUF,0,0,0,0,0,0,0,0.02,0,0,0
507,TE,12859,"Anderson, Stephen",NEP,PIT,0,0,0,0,0,0,0,0.3,3,0,0
508,QB,12819,"Rudock, Jake",MIA,BAL,0.03,0,0,0.01,0,0,0,0,0,0,0
509,TE,12816,"Morgan, David",MIN,ATL,0,0,0,0,0,0,0,0.26,2,0,0
510,QB,12815,"Sudfeld, Nate",PHI,WAS,0,0,0,0,0,0,0,0,0,0,0
511,WR,12800,"Davis, Trevor",GBP,CHI,0,0,0,0,0.05,0,0,0.19,3,0,0
512,TE,12685,"Perkins, Joshua",PHI,WAS,0,0,0,0,0,0,0,0.06,1,0,0
513,TE,12681,"Adams, Jerell",HOU,NOS,0,0,0,0,0,0,0,0,0,0,0
514,WR,12443,"Kumerow, Jake",GBP,CHI,0,0,0,0,0,0,0,0.49,4,0.01,0
515,WR,12398,"Taylor, Jordan",MIN,ATL,0,0,0,0,0,0,0,0,0,0,0
516,RB,13057,"Carson, Tra",GBP,CHI,0,0,0,0,0.09,0,0,0,0,0,0
517,QB,11170,"Bray, Tyler",CHI,GBP,0,0,0,0,0,0,0,0,0,0,0
518,QB,11643,"McCarron, AJ",HOU,NOS,0.28,3,0,0,0.21,0,0,0,0,0,0
519,QB,11494,"Simms, Matt",ATL,MIN,0,0,0,0,0,0,0,0,0,0,0
520,QB,11441,"Griffin, Ryan",TBB,SFO,0,0,0,0,0,0,0,0,0,0,0
521,WR,11409,"Johnson, Charles",PHI,WAS,0,0,0,0,0,0,0,0,0,0,0
522,WR,11406,"Butler, Brice",MIA,BAL,0,0,0,0,0,0,0,0.31,3,0.06,0
523,RB,11177,"Barner, Kenjon",ATL,MIN,0,0,0,0,0.46,1,0,0.04,1,0,0
524,RB,11175,"Ellington, Andre",TBB,SFO,0,0,0,0,0.69,0,0,0.32,4,0,0
525,QB,11152,"Glennon, Mike",OAK,DEN,0.61,7,0.04,0,0.31,0,0,0,0,0,0
526,QB,11649,"Savage, Tom",DET,ARI,0.22,2,0,0.06,0.08,0,0,0,0,0,0
527,QB,11150,"Smith, Geno",SEA,CIN,0.11,1,0,0,0.58,0,0,0,0,0,0
528,RB,10985,"Olawale, Jamize",DAL,NYG,0,0,0,0,0,0,0,0.01,0,0,0
529,TE,10940,"Carrier, Derek",OAK,DEN,0,0,0,0,0,0,0,0.33,3,0.03,0
530,RB,10932,"Bolden, Brandon",NEP,PIT,0,0,0,0,0.43,2,0.04,0.19,1,0.08,0
531,WR,10735,"Quick, Brian",WAS,PHI,0,0,0,0,0,0,0,0.19,1,0,0
532,WR,10721,"Floyd, Michael",BAL,MIA,0,0,0,0,0,0,0,0.37,4,0,0
533,RB,10368,"Jones, Taiwan",HOU,NOS,0,0,0,0,0,0,0,0.02,0,0,0
534,TE,11647,"Thomas, Logan",DET,ARI,0,0,0,0,0,0,0,0.16,2,0,0
535,TE,11785,"Rodgers, Richard",PHI,WAS,0,0,0,0,0,0,0,0.09,1,0,0
536,TE,12351,"Derby, A.J.",NOS,HOU,0,0,0,0,0,0,0,0.12,1,0,0
537,WR,12177,"White, Kevin",FA,,0,0,0,0,0,0,0,0.1,2,0,0
538,WR,12338,"Davis, Geremy",LAC,IND,0,0,0,0,0,0,0,0,0,0,0
539,WR,12319,"Nelson, J.J.",OAK,DEN,0,0,0,0,0.11,0,0,0.22,2,0,0
540,TE,12210,"Walford, Clive",NYJ,BUF,0,0,0,0,0,0,0,0.15,1,0,0
541,TE,12209,"Koyack, Ben",JAC,KCC,0,0,0,0,0,0,0,0.14,1,0.01,0
542,TE,12207,"O'Leary, Nick",MIA,BAL,0,0,0,0,0.03,0,0,0.38,4,0.03,0
543,TE,12206,"Williams, Maxx",ARI,DET,0,0,0,0,0.19,0,0,0.47,4,0.07,0
544,TE,12196,"Mayle, Vince",LAC,IND,0,0,0,0,0,0,0,0,0,0,0
545,RB,12169,"Rawls, Thomas",JAC,KCC,0,0,0,0,1.45,4,0,0.08,0,0,0
546,QB,11835,"Fales, David",DET,ARI,0.05,0,0,0,0.01,0,0,0,0,0,0
547,QB,12145,"Mannion, Sean",MIN,ATL,0.29,3,0,0,1.05,0,0,0,0,0,0
548,TE,12124,"Cunningham, Jerome",DET,ARI,0,0,0,0,0,0,0,0,0,0,0
549,RB,12040,"Smith, Keith",OAK,DEN,0,0,0,0,0.05,0,0,0.21,1,0,0
550,WR,12038,"Ross, Rashad",CAR,LAR,0,0,0,0,0,0,0,0,0,0,0
551,RB,11964,"Perry, Senorise",BUF,NYJ,0,0,0,0,0,0,0,0,0,0,0
552,RB,11894,"Fluellen, David",TEN,CLE,0,0,0,0,0.12,0,0,0,0,0,0
553,QB,11854,"Gilbert, Garrett",CLE,TEN,0,0,0,0,0,0,0,0,0,0,0
554,RB,13053,"Kerridge, Joe",CLE,TEN,0,0,0,0,0,0,0,0,0,0,0
555,QB,13119,"Dobbs, Joshua",PIT,NEP,0.58,3,0,0.11,0.74,1,0,0,0,0,0
556,RB,13875,"Thompson, Mark",DET,ARI,0,0,0,0,0.12,0,0,0,0,0,0
557,RB,13616,"Walton, Mark",MIA,BAL,0,0,0,0,0.4,1,0,0.32,1,0.05,0
558,WR,13652,"Wilson, Cedrick",DAL,NYG,0,0,0,0,0.18,0,0,0.18,1,0,0
559,WR,13644,"Wims, Javon",CHI,GBP,0,0,0,0,0,0,0,0,0,0,0
560,WR,13643,"Cobbs, Simmie",NOS,HOU,0,0,0,0,0,0,0,0,0,0,0
561,WR,13641,"McCloud, Ray-Ray",BUF,NYJ,0,0,0,0,0.19,0,0,0.31,2,0,0
562,WR,13636,"Cain, Deon",IND,LAC,0,0,0,0,0,0,0,0,0,0,0
563,RB,13623,"Williams, Darrel",KCC,JAC,0,0,0,0,0.89,2,0.05,0.1,1,0.01,0
564,RB,13619,"Kelly, John",LAR,CAR,0,0,0,0,0.23,0,0,0,0,0,0
565,RB,13615,"Scarbrough, Bo",SEA,CIN,0,0,0,0,0,0,0,0,0,0,0
566,WR,13657,"Moore, J'Mon",GBP,CHI,0,0,0,0,0,0,0,0.1,1,0,0
567,RB,13603,"Flowers, Quinton",CIN,SEA,0,0,0,0,0,0,0,0,0,0,0
568,QB,13601,"Lauletta, Kyle",NYG,DAL,0,0,0,0.04,0.03,0,0,0,0,0,0
569,QB,13599,"Lee, Tanner",FA,,0,0,0,0,0,0,0,0,0,0,0
570,QB,13598,"White, Mike",DAL,NYG,0,0,0,0,0,0,0,0,0,0,0
571,QB,13595,"Rudolph, Mason",PIT,NEP,0,0,0,0,0,0,0,0,0,0,0
572,QB,13594,"Falk, Luke",NYJ,BUF,0,0,0,0,0,0,0,0,0,0,0
573,WR,13585,"Zylstra, Brandon",MIN,ATL,0,0,0,0,0,0,0,0,0,0,0
574,WR,13656,"Weah, Jester",HOU,NOS,0,0,0,0,0,0,0,0,0,0,0
575,WR,13663,"Scott, Jaleel",BAL,MIA,0,0,0,0,0,0,0,0,0,0,0
576,TE,13549,"Vander Laan, Jason",CAR,LAR,0,0,0,0,0,0,0,0,0,0,0
577,TE,13847,"Izzo, Ryan",NEP,PIT,0,0,0,0,0,0,0,0.06,1,0,0
578,RB,13874,"Wilson, Shaun",WAS,PHI,0,0,0,0,0.16,1,0,0,0,0,0
579,QB,13873,"Boyle, Tim",GBP,CHI,0,0,0,0,0,0,0,0,0,0,0
580,TE,13872,"Hunt, Cole",CAR,LAR,0,0,0,0,0,0,0,0,0,0,0
581,RB,13868,"Boone, Mike",MIN,ATL,0,0,0,0,0.63,2,0,0.15,0,0,0
582,WR,13862,"Cracraft, River",DEN,OAK,0,0,0,0,0,0,0,0,0,0,0
583,TE,13857,"Yelder, Deon",KCC,JAC,0,0,0,0,0,0,0,0.02,0,0,0
584,RB,13849,"Nall, Ryan",CHI,GBP,0,0,0,0,0.1,0,0,0,0,0,0
585,QB,13846,"Woodside, Logan",TEN,CLE,0,0,0,0,0,0,0,0,0,0,0
586,TE,13673,"Fumagalli, Troy",DEN,OAK,0,0,0,0,0,0,0,0,0,0,0
587,RB,13838,"Bawden, Nick",DET,ARI,0,0,0,0,0.1,0,0,0,0,0,0
588,QB,13825,"McGough, Alex",JAC,KCC,0,0,0,0,0,0,0,0,0,0,0
589,RB,13811,"Smith, Tremon",KCC,JAC,0,0,0,0,0,0,0,0,0,0,0
590,WR,13809,"Gage, Russell",ATL,MIN,0,0,0,0,0.02,0,0,0.26,3,0,0
591,WR,13724,"James, Richie",SFO,TBB,0,0,0,0,0,0,0,0,0,0,0
592,TE,13676,"Smythe, Durham",MIA,BAL,0,0,0,0,0,0,0,0.33,2,0,0
593,TE,13675,"Conklin, Tyler",MIN,ATL,0,0,0,0,0,0,0,0.15,2,0,0
594,WR,13573,"Brent, K.J.",TBB,SFO,0,0,0,0,0,0,0,0,0,0,0
595,TE,13546,"Griffin, Garrett",NOS,HOU,0,0,0,0,0,0,0,0.16,1,0.02,0
596,QB,13120,"Webb, Davis",NYJ,BUF,0,0,0,0,0,0,0,0,0,0,0
597,WR,13162,"Ford, Isaiah",MIA,BAL,0,0,0,0,0,0,0,0,0,0,0
598,WR,13289,"Hollins, Mack",PHI,WAS,0,0,0,0,0,0,0,0.09,1,0,0
599,WR,13238,"Davis, Robert",WAS,PHI,0,0,0,0,0,0,0,0.49,4,0,0
600,WR,13235,"Malone, Josh",CIN,SEA,0,0,0,0,0.07,0,0,0.14,1,0,0
601,TE,13194,"Sprinkle, Jeremy",WAS,PHI,0,0,0,0,0,0,0,0.03,0,0.01,0
602,WR,13184,"Dural, Travin",NOS,HOU,0,0,0,0,0,0,0,0,0,0,0
603,WR,13179,"Dieter, Gehrig",KCC,JAC,0,0,0,0,0,0,0,0.01,0,0,0
604,WR,13166,"Darboh, Amara",SEA,CIN,0,0,0,0,0,0,0,0.23,2,0,0
605,WR,13161,"Scott, Artavis",LAC,IND,0,0,0,0,0.18,1,0,0.38,3,0,0
606,RB,13334,"Henderson, De'Angelo",MIN,ATL,0,0,0,0,0.28,2,0,0,0,0,0
607,RB,13150,"Davis, Justin",LAR,CAR,0,0,0,0,0.08,0,0,0,0,0,0
608,RB,13143,"McNichols, Jeremy",TEN,CLE,0,0,0,0,0.19,0,0,0,0,0,0
609,RB,13142,"Logan, T.J.",ARI,DET,0,0,0,0,0.58,1,0,0.46,3,0,0
610,RB,13141,"Hood, Elijah",JAC,KCC,0,0,0,0,0,0,0,0,0,0,0
611,RB,13137,"Pumphrey, Donnel",PHI,WAS,0,0,0,0,0,0,0,0,0,0,0
612,QB,13127,"Peterman, Nathan",OAK,DEN,0.22,2,0,0.11,0.06,0,0,0,0,0,0
613,QB,13124,"Rush, Cooper",DAL,NYG,0,0,0,0,0,0,0,0,0,0,0
614,TE,13315,"Saubert, Eric",NEP,PIT,0,0,0,0,0,0,0,0.14,2,0,0
615,RB,13357,"Mays, Devante",JAC,KCC,0,0,0,0,0.25,0,0,0,0,0,0
616,WR,13544,"Wilson, Bobo",TBB,SFO,0,0,0,0,0.16,0,0,0.26,4,0.01,0
617,TE,13427,"Tonyan, Robert",GBP,CHI,0,0,0,0,0,0,0,0.12,1,0.01,0
618,WR,13529,"Natson, JoJo",LAR,CAR,0,0,0,0,0,0,0,0,0,0,0
619,TE,13511,"Hikutini, Cole",MIN,ATL,0,0,0,0,0,0,0,0,0,0,0
620,WR,13505,"Hall, Marvin",CHI,GBP,0,0,0,0,0.12,0,0,0.24,3,0,0
621,TE,13476,"Baylis, Evan",GBP,CHI,0,0,0,0,0,0,0,0,0,0,0
622,RB,13452,"Edmunds, Trey",PIT,NEP,0,0,0,0,0,0,0,0,0,0,0
623,TE,13445,"Auclair, Antony",TBB,SFO,0,0,0,0,0,0,0,0.29,2,0,0
624,TE,13438,"Culkin, Sean",LAC,IND,0,0,0,0,0,0,0,0.05,1,0,0
625,WR,13421,"Reilly, Brandon",PIT,NEP,0,0,0,0,0,0,0,0,0,0,0
626,RB,13359,"Muhammad, Khalfani",DEN,OAK,0,0,0,0,0.72,2,0,0.06,0,0,0
627,QB,13416,"Walker, Phillip",IND,LAC,0,0,0,0,0,0,0,0,0,0,0
628,TE,13396,"Daniels, Darrell",ARI,DET,0,0,0,0,0,0,0,0,0,0,0
629,TE,13391,"Hollister, Jacob",SEA,CIN,0,0,0,0,0,0,0,0.02,0,0,0
630,QB,13389,"Sloter, Kyle",MIN,ATL,0,0,0,0,0,0,0,0,0,0,0
631,WR,13372,"Gentry, Tanner",CHI,GBP,0,0,0,0,0,0,0,0,0,0,0
632,WR,13371,"Hatcher, Keon",OAK,DEN,0,0,0,0,0,0,0,0,0,0,0
633,TE,13366,"Schreck, Mason",CIN,SEA,0,0,0,0,0,0,0,0,0,0,0
634,QB,9992,"Webb, Joe",HOU,NOS,0,0,0,0,0,0,0,0,0,0,0
